"Order","Price","LotFrontage","LotArea","LotConfig","HouseStyle","Quality","Condition","YearBuilt","YearRemodel","ExteriorQ","ExteriorC","Foundation","BasementHt","BasementC","BasementFin","BasementFinSF","BasementUnFinSF","BasementSF","Heating","HeatingQC","CentralAir","FirstSF","SecondSF","GroundSF","BasementFBath","BasementHBath","FullBath","HalfBath","Bedroom","KitchenQ","TotalRooms","Fireplaces","GarageType","GarageCars","GarageSF","GarageQ","GarageC","WoodDeckSF","OpenPorchSF","EnclosedPorchSF","ScreenPorchSF"
175,107.4,60,5790,"Corner","2Story",3,6,1915,1950,"Gd","Gd","CBlock","Fa","TA","Unf",0,840,840,"GasA","Gd","N",840,765,1605,0,0,2,0,3,"TA",8,0,"Detchd",1,379,"TA","TA",0,0,202,0
2214,239,86,22420,"Inside","2Story",6,6,1918,1950,"TA","TA","BrkTil","Gd","TA","BLQ",1128,242,1370,"GasW","TA","N",1370,1254,2624,1,0,2,1,4,"TA",10,1,"Detchd",3,864,"TA","TA",0,0,0,0
1220,72.5,0,6627,"Corner","1Story",3,6,1949,1950,"TA","TA","CBlock","None","None","None",0,0,0,"Floor","TA","N",720,0,720,0,0,1,0,2,"TA",4,0,"Detchd",1,287,"TA","Fa",0,0,0,0
619,167,80,9600,"Inside","1Story",6,5,1953,1953,"TA","TA","CBlock","TA","TA","GLQ",1285,131,1416,"GasA","TA","Y",1644,0,1644,1,0,1,0,3,"TA",7,2,"Attchd",2,418,"TA","TA",110,0,0,0
2254,148,0,8750,"Inside","SLvl",7,6,1975,1975,"TA","TA","CBlock","TA","TA","Rec",224,98,852,"GasA","TA","Y",918,0,918,0,1,1,0,3,"TA",4,0,"Attchd",1,360,"TA","TA",192,84,0,0
57,185.088,63,8577,"Inside","2Story",7,5,2004,2004,"Gd","TA","PConc","Gd","TA","Unf",0,847,847,"GasA","Ex","Y",847,886,1733,0,0,2,1,3,"Gd",7,1,"BuiltIn",2,433,"TA","TA",144,48,0,0
2420,210.25,43,3087,"Inside","1Story",7,5,2006,2006,"Gd","TA","PConc","Gd","TA","GLQ",453,767,1220,"GasA","Ex","Y",1364,0,1364,1,0,2,0,2,"Gd",6,1,"Attchd",2,437,"TA","TA",100,16,0,0
170,80.4,60,4800,"Corner","1.5Fin",4,5,1900,1954,"TA","TA","PConc","TA","TA","ALQ",48,661,709,"GasA","TA","Y",1157,687,1844,1,0,1,0,3,"TA",9,2,"Basment",1,240,"TA","TA",84,0,0,0
2314,187.5,0,13031,"Corner","2Story",6,5,1995,1996,"TA","TA","PConc","Gd","TA","ALQ",592,99,691,"GasA","Gd","Y",691,807,1498,0,0,2,1,3,"TA",6,1,"Attchd",2,409,"TA","TA",315,44,0,0
517,208.3,75,7862,"Inside","1Story",6,5,2009,2009,"Gd","TA","PConc","Gd","TA","GLQ",27,1191,1218,"GasA","Ex","Y",1218,0,1218,0,0,2,0,2,"Gd",4,0,"Attchd",2,676,"TA","TA",0,102,0,0
1663,139,70,10500,"FR2","SLvl",5,7,1971,2005,"TA","TA","CBlock","TA","TA","ALQ",349,23,372,"GasA","TA","Y",576,533,1109,0,1,1,0,3,"TA",5,0,"BuiltIn",1,288,"TA","TA",35,0,0,0
253,187,64,7360,"Inside","1Story",7,5,2010,2010,"Gd","TA","PConc","Gd","TA","GLQ",24,1198,1222,"GasA","Ex","Y",1222,0,1222,0,0,2,0,2,"Gd",6,0,"Attchd",2,615,"TA","TA",0,54,0,0
2503,268,0,13346,"CulDSac","2Story",7,5,1992,2000,"Gd","TA","PConc","Gd","TA","GLQ",728,367,1095,"GasA","Ex","Y",1166,1129,2295,1,0,2,1,4,"Gd",9,1,"Attchd",2,590,"TA","TA",0,40,0,0
2095,228.5,82,11287,"Inside","2Story",7,6,1989,1989,"Gd","TA","CBlock","Gd","TA","GLQ",421,386,807,"GasA","Gd","Y",1175,807,1982,0,0,2,1,3,"Gd",7,1,"Attchd",2,575,"TA","TA",0,84,0,0
2861,194,80,12400,"Inside","1.5Fin",5,6,1940,1950,"TA","TA","CBlock","Gd","TA","BLQ",602,299,901,"GasA","TA","Y",1125,592,1717,0,0,1,1,2,"TA",7,1,"Attchd",1,410,"TA","TA",0,0,0,113
218,136.5,72,10778,"Inside","1Story",4,5,1968,1968,"TA","TA","CBlock","TA","TA","Unf",0,1768,1768,"GasA","TA","N",1768,0,1768,0,0,2,0,4,"TA",8,0,"None",0,0,"None","None",0,0,0,0
1031,205,80,10480,"Inside","2Story",7,6,1976,1976,"TA","TA","CBlock","TA","TA","ALQ",403,400,803,"GasA","TA","Y",1098,866,1964,0,0,2,1,4,"TA",8,1,"Attchd",2,483,"TA","TA",0,69,0,0
1362,141,60,6876,"Inside","1.5Fin",6,6,1938,1958,"TA","TA","BrkTil","TA","TA","Unf",0,1272,1272,"GasA","TA","Y",1272,0,1969,0,0,2,0,4,"TA",9,1,"Detchd",2,400,"TA","TA",0,34,0,0
2016,131.75,52,6240,"Inside","1.5Fin",5,7,1930,1992,"TA","TA","BrkTil","TA","TA","Unf",0,966,966,"GasA","Ex","Y",1014,412,1426,0,0,1,0,3,"TA",6,1,"Detchd",1,230,"Fa","TA",174,0,96,0
22,170,85,10625,"Inside","SFoyer",7,6,1974,1974,"TA","TA","CBlock","Gd","TA","GLQ",885,0,1053,"GasA","TA","Y",1173,0,1173,1,0,2,0,3,"Gd",6,2,"Attchd",2,528,"TA","TA",0,120,0,0
2330,457.347,59,16023,"CulDSac","2Story",9,5,2005,2006,"Gd","Ex","PConc","Ex","TA","GLQ",1218,180,1398,"GasA","Ex","Y",1414,1384,2798,1,0,3,1,3,"Ex",11,1,"BuiltIn",3,670,"TA","TA",182,37,0,0
876,178,70,9100,"Inside","1Story",7,5,2001,2001,"Gd","TA","PConc","Gd","TA","Unf",0,1212,1212,"GasA","Ex","Y",1212,0,1212,0,0,2,0,3,"Gd",6,0,"Attchd",2,573,"TA","TA",356,0,0,0
1580,150,75,12890,"Inside","1Story",6,5,1989,1989,"TA","TA","CBlock","Gd","TA","Unf",0,1495,1495,"GasA","Ex","Y",1495,0,1495,0,0,2,0,3,"TA",8,1,"Attchd",2,438,"TA","TA",252,0,192,0
1583,175,85,10200,"Inside","SLvl",6,5,1988,1989,"Gd","TA","CBlock","Gd","TA","GLQ",783,678,1461,"GasA","Ex","Y",1509,0,1509,1,0,2,0,3,"Gd",5,1,"Attchd",2,600,"TA","TA",224,0,0,0
682,139,70,7560,"Inside","1Story",5,6,1958,1965,"TA","TA","CBlock","TA","TA","LwQ",504,525,1029,"GasA","TA","Y",1339,0,1339,0,0,1,0,3,"TA",6,0,"Attchd",1,294,"TA","TA",0,0,0,0
152,119,70,13587,"Inside","1Story",5,5,1958,1958,"TA","TA","CBlock","TA","TA","Rec",532,456,988,"GasA","TA","Y",988,0,988,1,0,1,0,2,"TA",5,0,"Attchd",1,264,"TA","TA",0,0,0,0
664,105,90,5400,"Corner","1.5Fin",4,6,1920,1950,"Fa","TA","PConc","TA","TA","ALQ",315,420,840,"GasA","Ex","Y",840,534,1374,0,0,1,0,2,"TA",6,0,"Detchd",1,338,"TA","TA",0,0,198,0
28,115,70,10500,"FR2","1Story",4,5,1971,1971,"TA","TA","CBlock","TA","TA","ALQ",432,432,864,"GasA","TA","Y",864,0,864,0,0,1,0,3,"TA",5,1,"None",0,0,"None","None",0,0,0,0
2716,180,78,10335,"Inside","1Story",5,6,1968,1993,"TA","TA","CBlock","TA","TA","Rec",570,891,1461,"GasA","Gd","Y",1721,0,1721,0,0,2,1,3,"TA",7,1,"Attchd",2,440,"TA","TA",0,96,180,0
267,240,75,9375,"Inside","2Story",7,5,1997,1997,"Gd","TA","PConc","Gd","TA","Unf",0,1040,1040,"GasA","Ex","Y",1044,1054,2098,0,0,2,1,4,"Gd",9,1,"Attchd",2,621,"TA","TA",331,38,0,0
230,270,0,20062,"Inside","1Story",7,7,1977,2001,"Gd","Gd","CBlock","Gd","TA","ALQ",1092,328,1420,"GasA","Gd","Y",1483,0,1483,1,0,1,1,1,"TA",4,2,"Attchd",2,690,"TA","TA",496,0,0,0
305,68.4,60,7500,"Inside","1.5Fin",4,4,1920,1950,"TA","Gd","CBlock","TA","TA","Unf",0,698,698,"GasA","TA","Y",698,430,1128,0,0,1,0,2,"TA",6,0,"Detchd",2,528,"TA","TA",30,0,164,0
1642,441.929,85,14082,"Inside","1Story",8,5,2006,2006,"Gd","TA","PConc","Ex","Gd","GLQ",1558,662,2220,"GasA","Ex","Y",2234,0,2234,1,0,1,1,1,"Gd",7,1,"Attchd",2,724,"TA","TA",390,80,0,0
965,213.5,125,14419,"Corner","SLvl",7,5,1987,1989,"TA","TA","PConc","Gd","TA","GLQ",904,117,1645,"GasA","Ex","Y",1479,0,1479,2,0,2,1,3,"Gd",7,1,"Attchd",2,578,"TA","TA",224,238,0,0
883,173.5,64,8633,"FR2","2Story",6,5,2005,2005,"Gd","TA","PConc","Gd","TA","GLQ",193,545,738,"GasA","Ex","Y",738,738,1476,1,0,2,1,3,"Gd",7,0,"Attchd",2,540,"TA","TA",100,35,0,0
509,257.5,78,10206,"Inside","1Story",8,5,2008,2008,"Gd","TA","PConc","Gd","TA","Unf",0,1614,1614,"GasA","Ex","Y",1658,0,1658,0,0,2,1,3,"Gd",7,1,"Attchd",3,726,"TA","TA",144,44,0,0
943,85,105,8470,"Corner","1.5Fin",3,2,1915,1982,"Fa","Fa","CBlock","TA","Fa","Unf",0,1013,1013,"GasA","TA","N",1013,0,1526,0,0,1,0,2,"Fa",6,0,"None",0,0,"None","None",0,0,156,0
1778,320,84,11670,"Corner","1Story",9,5,2006,2006,"Ex","TA","PConc","Ex","Gd","Unf",0,1905,1905,"GasA","Ex","Y",1905,0,1905,0,0,2,0,3,"Ex",8,1,"Attchd",3,788,"TA","TA",0,191,0,0
1243,166,80,11900,"Corner","1Story",6,5,1957,1957,"TA","TA","CBlock","TA","TA","Rec",1040,352,1392,"GasA","TA","Y",1392,0,1392,1,0,1,1,3,"TA",6,2,"Attchd",2,458,"TA","TA",0,0,0,192
767,103.6,54,6629,"Inside","2Story",6,6,1925,1950,"TA","Gd","BrkTil","TA","TA","BLQ",551,121,672,"GasA","TA","N",697,672,1369,1,0,2,0,3,"TA",6,0,"Detchd",1,300,"TA","TA",147,0,0,0
2528,250,0,11029,"Corner","2Story",6,7,1968,1984,"TA","TA","CBlock","TA","TA","BLQ",619,435,1054,"GasA","TA","Y",1512,1142,2654,1,0,2,1,4,"Gd",9,1,"Attchd",2,619,"TA","TA",0,65,0,222
2159,219.5,65,8200,"Inside","2Story",7,5,2003,2004,"Gd","TA","PConc","Gd","TA","Unf",0,847,847,"GasA","Ex","Y",847,1081,1928,0,0,2,1,4,"Gd",8,1,"BuiltIn",2,434,"TA","TA",100,48,0,0
338,136,63,10475,"Inside","2Story",5,5,1991,1991,"TA","TA","PConc","Gd","TA","Rec",458,166,624,"GasA","Gd","Y",624,650,1274,0,0,1,1,3,"TA",6,0,"Detchd",2,576,"TA","TA",22,0,0,0
2281,132.25,94,25286,"Inside","1Story",4,5,1963,1963,"TA","TA","PConc","TA","TA","ALQ",633,431,1064,"GasA","Gd","Y",1040,0,1040,1,0,1,0,3,"TA",5,0,"Attchd",2,648,"TA","TA",0,0,0,0
406,97,21,1680,"Inside","2Story",6,6,1972,1972,"TA","TA","CBlock","TA","TA","Rec",110,79,483,"GasA","TA","Y",483,504,987,1,0,1,1,2,"TA",5,0,"Detchd",1,288,"TA","TA",0,0,0,0
1752,165.5,0,11950,"Corner","SLvl",7,5,2003,2003,"Gd","TA","PConc","Gd","TA","Unf",0,384,384,"GasA","Ex","Y",754,640,1394,0,0,2,1,3,"Gd",7,1,"BuiltIn",2,400,"TA","TA",100,0,0,0
2068,165.25,70,6960,"Inside","1.5Fin",7,8,1940,1998,"TA","TA","BrkTil","TA","TA","ALQ",258,422,680,"GasA","Ex","Y",798,504,1302,0,0,1,1,2,"Gd",6,2,"Attchd",1,224,"TA","TA",0,0,0,126
2309,252,0,39384,"CulDSac","1Story",6,6,1957,1957,"TA","TA","CBlock","Gd","TA","ALQ",1110,595,1705,"GasA","Ex","Y",1390,0,1390,1,0,1,1,1,"Ex",4,2,"Attchd",2,550,"TA","TA",0,189,0,0
1265,148,0,12929,"Inside","1Story",6,6,1960,1993,"TA","TA","CBlock","TA","TA","GLQ",697,384,1081,"GasA","TA","Y",1081,0,1081,1,0,1,0,3,"TA",5,0,"CarPort",1,401,"TA","TA",36,82,0,0
434,582.933,107,13891,"Inside","2Story",9,5,2008,2009,"Ex","TA","PConc","Ex","TA","Unf",0,1734,1734,"GasA","Ex","Y",1734,1088,2822,0,0,3,1,4,"Ex",12,1,"BuiltIn",3,1020,"TA","TA",52,170,0,192
2165,167.84,64,8334,"Inside","1Story",6,5,2006,2007,"Gd","TA","PConc","Gd","TA","Unf",0,1330,1330,"GasA","Ex","Y",1330,0,1330,0,0,2,0,3,"Gd",6,1,"Attchd",2,437,"TA","TA",0,23,0,0
879,140,0,4435,"Inside","1Story",6,5,2003,2003,"Gd","TA","PConc","Gd","TA","GLQ",685,163,848,"GasA","Ex","Y",848,0,848,1,0,1,0,1,"Gd",4,0,"Attchd",2,420,"TA","TA",140,0,0,0
1300,115,50,6000,"Inside","1Story",5,5,1948,1950,"TA","TA","CBlock","TA","TA","ALQ",104,516,789,"GasA","Ex","Y",789,0,789,0,0,1,0,2,"TA",5,0,"Detchd",1,250,"TA","TA",0,0,0,0
1563,275,44,3842,"Inside","1Story",8,5,2004,2005,"Gd","TA","PConc","Ex","TA","GLQ",1373,221,1594,"GasA","Ex","Y",1646,0,1646,1,1,2,0,2,"Gd",5,1,"Attchd",2,482,"TA","TA",128,53,0,155
1946,301.6,113,21281,"Inside","2Story",5,4,1935,2007,"TA","TA","BrkTil","TA","Fa","Unf",0,666,666,"GasA","Gd","Y",1308,1778,3086,0,0,3,1,4,"Gd",9,0,"BuiltIn",3,1200,"TA","TA",0,208,290,156
2226,123.9,24,1782,"Inside","2Story",6,6,1980,1980,"TA","Gd","CBlock","Gd","TA","GLQ",330,186,516,"GasA","Gd","Y",529,516,1045,0,0,1,0,2,"TA",5,1,"Detchd",2,462,"TA","TA",180,0,0,0
1461,274,0,9720,"CulDSac","2Story",9,5,2001,2002,"Gd","TA","PConc","Gd","TA","GLQ",1194,163,1357,"GasA","Ex","Y",1366,581,1947,1,0,2,1,3,"Gd",7,1,"BuiltIn",3,725,"TA","TA",168,116,0,0
1019,175.5,78,12090,"Inside","1Story",6,6,1981,1981,"TA","Gd","CBlock","Gd","TA","GLQ",588,606,1422,"GasA","TA","Y",1422,0,1422,0,0,2,0,3,"Gd",7,1,"Attchd",2,576,"TA","TA",276,0,0,0
2139,130,39,16300,"CulDSac","1Story",5,4,1977,1977,"TA","TA","CBlock","Gd","TA","Rec",60,399,876,"GasA","TA","Y",907,0,907,1,0,1,0,3,"TA",5,0,"Attchd",1,308,"TA","TA",0,0,0,0
1896,200,0,22002,"Corner","1Story",6,7,1959,1991,"TA","Gd","CBlock","TA","TA","ALQ",1386,206,1592,"GasA","Gd","Y",1652,0,1652,1,0,1,1,3,"Gd",6,1,"Attchd",2,510,"TA","TA",0,0,0,201
2270,282,80,11305,"Inside","1Story",8,5,2002,2002,"Gd","TA","PConc","Gd","TA","GLQ",1329,593,1922,"GasA","Ex","Y",1922,0,1922,1,0,2,0,2,"Gd",6,1,"Attchd",3,692,"TA","TA",201,64,0,0
2819,102,67,8877,"Inside","1Story",4,5,1951,1951,"TA","TA","CBlock","Fa","Fa","LwQ",836,0,836,"GasA","TA","Y",1220,0,1220,0,0,1,0,2,"TA",6,0,"Detchd",2,396,"TA","TA",0,0,0,0
1953,172,93,10090,"Inside","SLvl",7,5,1963,1999,"TA","TA","CBlock","TA","TA","Rec",242,0,725,"GasA","TA","Y",1035,616,1651,0,1,2,0,4,"TA",6,2,"BuiltIn",1,276,"TA","TA",460,46,0,165
1986,108.5,50,6000,"Inside","1Story",4,4,1920,1950,"TA","TA","PConc","TA","TA","ALQ",250,710,960,"GasA","Gd","Y",960,0,960,0,0,1,0,2,"Fa",5,0,"Detchd",1,308,"TA","TA",0,0,168,0
1480,193,74,9627,"Inside","1Story",7,5,2007,2007,"Gd","TA","PConc","Gd","TA","GLQ",24,1327,1351,"GasA","Ex","Y",1361,0,1361,0,0,2,0,3,"Gd",6,0,"Attchd",2,610,"TA","TA",0,50,0,0
1307,295,87,18386,"Inside","2.5Fin",7,9,1880,2002,"TA","TA","BrkTil","TA","TA","Unf",0,1470,1470,"GasA","Ex","Y",1675,1818,3493,0,0,3,0,3,"Gd",10,1,"Attchd",3,870,"TA","TA",302,0,0,0
2179,157,60,7024,"Inside","1Story",5,5,2005,2006,"TA","TA","PConc","Ex","Gd","ALQ",980,110,1090,"GasA","Gd","Y",1090,0,1090,1,0,1,1,2,"TA",5,0,"Attchd",2,450,"TA","TA",0,49,0,0
1044,85.4,21,1680,"Inside","2Story",6,5,1971,1971,"TA","TA","CBlock","TA","TA","ALQ",387,96,483,"GasA","TA","Y",483,504,987,0,0,1,1,2,"TA",4,0,"Detchd",1,264,"TA","TA",0,0,0,0
2924,160,80,17400,"Inside","1Story",5,5,1977,1977,"TA","TA","CBlock","TA","TA","ALQ",936,190,1126,"GasA","Fa","Y",1126,0,1126,1,0,2,0,3,"TA",5,1,"Attchd",2,484,"TA","TA",295,41,0,0
2274,186.7,50,35133,"Inside","1Story",5,4,1963,1963,"TA","TA","CBlock","TA","TA","Rec",1159,413,1572,"GasA","Gd","Y",1572,0,1572,1,0,1,1,3,"TA",5,2,"2Types",3,995,"TA","TA",0,263,0,263
510,287.09,78,9262,"Inside","1Story",8,5,2008,2009,"Gd","TA","PConc","Gd","TA","Unf",0,1573,1573,"GasA","Ex","Y",1578,0,1578,0,0,2,0,3,"Ex",7,1,"Attchd",3,840,"TA","TA",0,36,0,0
1133,188,68,10110,"Inside","2Story",6,5,2003,2003,"Gd","TA","PConc","Gd","TA","GLQ",80,200,835,"GasA","Ex","Y",835,861,1696,1,0,2,1,3,"Gd",7,0,"Attchd",2,542,"TA","TA",143,66,0,0
1244,136,75,9464,"Corner","1Story",6,7,1958,1958,"TA","Gd","CBlock","TA","TA","BLQ",570,510,1080,"GasA","Gd","Y",1080,0,1080,0,0,1,0,3,"TA",5,0,"Attchd",1,288,"TA","TA",0,0,0,130
1596,129.5,41,2665,"Inside","2Story",5,7,1976,1976,"TA","TA","PConc","Gd","TA","ALQ",318,232,550,"GasA","TA","Y",925,550,1475,0,0,2,0,4,"TA",6,1,"Attchd",1,336,"TA","TA",92,26,0,0
1285,73,30,5232,"Inside","1Story",5,5,1925,2004,"TA","TA","BrkTil","Fa","TA","Unf",0,680,680,"GasA","Gd","N",764,0,764,0,0,1,0,2,"TA",4,0,"Detchd",2,504,"TA","TA",0,0,0,0
1174,170,24,2160,"Inside","SLvl",7,5,1999,2000,"Gd","TA","PConc","Gd","TA","GLQ",600,72,672,"GasA","Ex","Y",684,720,1404,1,0,2,1,3,"Gd",5,0,"Detchd",2,462,"TA","TA",20,0,0,0
1197,142.6,74,13101,"Inside","1Story",5,5,1965,1965,"TA","TA","CBlock","TA","TA","LwQ",231,1497,1728,"GasA","TA","Y",1728,0,1728,0,0,2,0,6,"TA",10,0,"Detchd",2,576,"TA","TA",0,0,0,0
2798,210.9,0,21533,"FR2","2Story",7,5,1996,1997,"Gd","TA","PConc","Gd","TA","Unf",0,1065,1065,"GasA","Ex","Y",1065,984,2049,0,0,2,1,4,"Gd",9,1,"Attchd",2,467,"TA","TA",120,48,0,0
757,123,0,5775,"Corner","2Story",6,7,1915,2002,"TA","TA","BrkTil","TA","TA","Unf",0,483,483,"GasA","Ex","Y",741,686,1427,0,0,1,0,3,"Gd",7,0,"Attchd",1,379,"TA","TA",0,24,112,0
1755,219.5,0,8740,"Inside","2Story",7,5,2002,2002,"Gd","TA","PConc","Gd","TA","GLQ",574,280,854,"GasA","Ex","Y",864,1131,1995,0,0,2,1,4,"Gd",8,1,"BuiltIn",2,435,"TA","TA",264,48,0,0
1474,208.5,65,8450,"Inside","2Story",7,5,2003,2003,"Gd","TA","PConc","Gd","TA","GLQ",706,150,856,"GasA","Ex","Y",856,854,1710,1,0,2,1,3,"Gd",8,0,"Attchd",2,548,"TA","TA",0,61,0,0
1410,235,120,13728,"Corner","2Story",6,7,1935,1986,"TA","TA","CBlock","TA","TA","Rec",626,501,1127,"GasA","Ex","Y",1236,872,2108,0,0,2,0,4,"Gd",7,2,"Basment",2,540,"TA","TA",0,0,0,90
1212,145,75,8250,"Inside","1Story",6,7,1964,1964,"TA","TA","CBlock","Gd","TA","Rec",787,305,1092,"GasA","Ex","Y",1092,0,1092,1,0,1,0,3,"TA",6,0,"Attchd",2,504,"TA","Gd",0,0,0,0
2074,211,97,10029,"Corner","2Story",6,5,1988,1989,"Gd","TA","PConc","Gd","TA","GLQ",831,320,1151,"GasA","TA","Y",1164,896,2060,0,1,2,1,4,"TA",8,1,"Attchd",2,521,"TA","TA",0,228,0,192
34,149.9,24,2280,"FR2","2Story",6,6,1975,1975,"TA","TA","CBlock","TA","TA","ALQ",514,341,855,"GasA","TA","Y",855,601,1456,0,0,2,1,3,"Gd",6,1,"Attchd",2,440,"TA","TA",173,0,0,0
166,160,87,10000,"Corner","1Story",6,6,1962,1962,"TA","TA","CBlock","TA","TA","Unf",0,1116,1116,"GasA","TA","Y",1116,0,1116,0,0,1,1,3,"TA",5,0,"Attchd",2,440,"TA","TA",0,0,0,385
2500,260,121,16059,"Corner","2Story",8,5,1991,1992,"Gd","TA","CBlock","Gd","TA","Unf",0,1288,1288,"GasA","Ex","Y",1301,1116,2417,0,0,2,1,4,"Gd",9,1,"Attchd",2,462,"TA","TA",127,82,0,0
814,148.325,64,7040,"Inside","SFoyer",5,5,1979,1979,"TA","TA","CBlock","Gd","TA","GLQ",1094,0,1094,"GasA","TA","Y",1229,0,1229,2,0,0,2,2,"Gd",6,2,"Detchd",2,672,"TA","TA",120,0,0,0
2874,145.4,50,7000,"Inside","1.5Fin",6,7,1926,1950,"TA","TA","PConc","TA","TA","ALQ",374,487,861,"GasA","Ex","Y",861,424,1285,0,1,1,0,3,"TA",6,0,"Detchd",2,506,"TA","TA",96,0,132,0
98,149.5,24,2544,"Inside","2Story",7,5,2004,2005,"Gd","TA","PConc","Gd","TA","GLQ",368,190,600,"GasA","Ex","Y",600,600,1200,1,0,2,1,2,"Gd",4,0,"Detchd",2,480,"TA","TA",0,172,0,0
1930,129.5,75,10050,"Inside","1Story",5,5,1955,1955,"TA","TA","CBlock","TA","TA","Rec",288,928,1216,"GasA","TA","Y",1216,0,1216,1,0,1,0,3,"TA",5,0,"Attchd",1,336,"TA","TA",0,0,0,0
208,140,76,7630,"Inside","2Story",5,9,1900,1996,"TA","Gd","BrkTil","Gd","TA","Unf",0,360,360,"GasA","Gd","Y",1032,780,1812,0,0,2,0,4,"Gd",8,1,"Detchd",2,672,"TA","TA",344,0,40,0
499,336,98,12203,"Corner","2Story",8,5,1998,1999,"Gd","TA","PConc","Gd","TA","GLQ",854,371,1225,"GasA","Ex","Y",1276,1336,2612,1,0,2,1,4,"Gd",8,1,"Attchd",3,676,"TA","TA",250,0,0,0
388,213,0,9373,"CulDSac","1Story",5,7,1975,1975,"TA","TA","CBlock","Gd","TA","ALQ",1333,120,1621,"GasA","TA","Y",1621,0,1621,1,0,2,0,3,"TA",7,2,"Attchd",2,478,"TA","TA",0,0,0,490
2458,290,85,10182,"CulDSac","1Story",8,5,2006,2006,"Gd","TA","PConc","Ex","TA","GLQ",1220,440,1660,"GasA","Ex","Y",1660,0,1660,1,0,2,0,3,"Gd",8,1,"Attchd",2,500,"TA","TA",322,50,0,0
1873,175.5,80,9600,"Inside","1Story",7,6,1973,1973,"TA","TA","CBlock","TA","TA","ALQ",916,326,1242,"GasA","Fa","Y",1242,0,1242,0,0,1,1,3,"TA",6,1,"Attchd",2,528,"TA","TA",0,0,0,0
659,109.5,52,9022,"Inside","1Story",5,8,1924,2006,"Gd","TA","BrkTil","TA","TA","Unf",0,768,768,"GasA","Ex","Y",792,0,792,0,0,1,0,2,"Gd",5,0,"Detchd",1,240,"Fa","Fa",316,0,120,0
2249,156,0,7540,"CulDSac","SFoyer",6,6,1978,1978,"TA","TA","CBlock","Gd","TA","GLQ",773,115,888,"GasA","Ex","Y",912,0,912,1,0,1,0,2,"TA",5,1,"Attchd",2,470,"TA","TA",0,0,0,192
2418,258,96,11631,"Corner","2Story",8,5,2004,2005,"Gd","TA","PConc","Gd","TA","Unf",0,1052,1052,"GasA","Ex","Y",1052,1321,2373,0,0,2,1,4,"Gd",9,1,"BuiltIn",3,632,"TA","TA",120,46,0,0
2494,120.875,0,13052,"CulDSac","1Story",5,6,1965,1965,"TA","TA","CBlock","TA","TA","Rec",712,312,1024,"GasA","TA","Y",1024,0,1024,0,0,1,1,3,"TA",5,0,"Attchd",1,308,"TA","TA",0,0,0,0
1080,207,59,8198,"FR3","1Story",7,5,2004,2004,"Gd","TA","PConc","Gd","TA","GLQ",720,638,1358,"GasA","Ex","Y",1358,0,1358,1,0,2,0,2,"Gd",6,1,"Attchd",2,484,"TA","TA",192,30,0,0
824,212,68,10769,"Inside","2Story",8,5,2007,2007,"Gd","TA","PConc","Gd","TA","GLQ",20,846,866,"GasA","Ex","Y",866,902,1768,0,0,2,1,3,"Gd",7,0,"Attchd",2,578,"TA","TA",144,105,0,0
1259,139,60,10836,"Inside","1.5Fin",5,5,1922,1950,"TA","TA","BrkTil","TA","TA","Unf",0,892,892,"GasA","Ex","Y",1254,182,1436,0,1,1,0,3,"TA",7,1,"Detchd",4,1488,"Fa","TA",0,0,100,0
81,152,81,9672,"Corner","1Story",6,5,1984,1985,"TA","TA","PConc","Gd","TA","GLQ",338,702,1040,"GasA","TA","Y",1097,0,1097,0,0,2,0,3,"TA",6,0,"Attchd",2,480,"TA","TA",0,0,0,0
1554,13.1,80,14584,"Inside","1Story",1,5,1952,1952,"Fa","Po","Slab","None","None","None",0,0,0,"Wall","Po","N",733,0,733,0,0,1,0,2,"Fa",4,0,"Attchd",2,487,"Fa","Po",0,0,0,0
991,237.5,0,12925,"Corner","1Story",6,7,1970,1970,"TA","TA","CBlock","TA","TA","BLQ",865,340,1205,"GasA","Ex","Y",2117,0,2117,0,0,2,1,4,"TA",7,2,"Attchd",2,550,"TA","TA",0,42,0,0
1221,52,56,4130,"Inside","1Story",3,6,1935,2003,"Gd","TA","CBlock","TA","TA","Unf",0,270,270,"GasA","Gd","Y",729,0,729,0,0,1,0,2,"TA",5,0,"None",0,0,"None","None",0,0,0,0
1666,155,63,9457,"Inside","1Story",5,6,1970,1990,"TA","TA","CBlock","TA","TA","ALQ",566,359,925,"GasA","TA","Y",1422,0,1422,1,0,1,0,3,"TA",7,0,"Detchd",2,576,"TA","TA",252,0,0,0
978,80,21,1477,"Inside","SFoyer",4,4,1970,1970,"TA","TA","CBlock","Gd","TA","GLQ",509,121,630,"GasA","TA","Y",630,0,630,1,0,1,0,1,"TA",3,0,"Attchd",1,286,"TA","TA",0,0,0,0
1675,177,26,10943,"FR2","1Story",6,5,1997,1998,"Gd","TA","PConc","Gd","TA","GLQ",930,475,1405,"GasA","Ex","Y",1337,0,1337,1,0,2,0,2,"Gd",5,1,"Attchd",2,522,"TA","TA",0,68,0,0
2277,281.213,88,12665,"Inside","2Story",8,5,2005,2006,"Gd","TA","PConc","Gd","Gd","Unf",0,1094,1094,"GasA","Ex","Y",1133,1349,2482,0,0,2,1,4,"Gd",9,1,"BuiltIn",3,642,"TA","TA",144,39,0,0
2701,131,100,21370,"FR2","1Story",5,5,1950,1950,"TA","TA","Slab","None","None","None",0,0,0,"GasA","TA","Y",1640,0,1640,0,0,1,0,3,"TA",7,1,"Attchd",2,394,"TA","TA",0,0,225,0
1314,129.5,60,9600,"Inside","2.5Unf",6,5,1917,1950,"TA","TA","BrkTil","Gd","TA","Rec",319,416,735,"OthW","Fa","N",1134,924,2058,0,0,1,1,3,"TA",8,1,"Detchd",2,396,"Fa","Fa",0,0,259,0
108,206,40,3880,"Inside","1Story",8,6,1978,1978,"Gd","TA","CBlock","Gd","TA","GLQ",1052,174,1226,"GasA","TA","Y",1226,0,1226,1,0,1,0,1,"Gd",4,1,"Attchd",2,484,"TA","TA",223,78,0,0
1420,260,0,9771,"Corner","2Story",6,5,1995,2002,"Gd","TA","PConc","Gd","TA","LwQ",779,298,1077,"GasA","Ex","Y",1093,1721,2814,0,1,2,1,4,"Gd",9,1,"BuiltIn",2,614,"TA","TA",48,32,0,216
343,157,85,10200,"Inside","1Story",6,5,1974,1974,"TA","TA","CBlock","TA","TA","LwQ",844,590,1434,"GasA","TA","Y",1434,0,1434,1,0,2,0,4,"TA",7,1,"Attchd",2,528,"TA","TA",80,21,0,0
294,257.5,78,10452,"Inside","1.5Fin",7,6,1941,1985,"Gd","Gd","BrkTil","Gd","TA","ALQ",426,850,1528,"GasA","Ex","Y",1225,908,2133,1,0,1,1,4,"TA",8,2,"Attchd",1,312,"TA","TA",0,0,86,0
1151,144,0,12968,"Inside","1Story",5,6,1962,1962,"TA","TA","CBlock","TA","TA","ALQ",737,175,912,"GasA","TA","Y",912,0,912,1,0,1,0,2,"TA",4,0,"Detchd",1,352,"TA","TA",140,0,0,176
1403,256,0,53227,"CulDSac","1Story",4,6,1954,1994,"TA","TA","CBlock","Gd","TA","BLQ",1116,248,1364,"GasA","Ex","Y",1663,0,1663,1,0,1,0,2,"Gd",6,2,"Attchd",2,529,"TA","TA",224,137,0,0
2042,122,60,10120,"Inside","2.5Unf",7,4,1910,1950,"Fa","TA","CBlock","TA","TA","Unf",0,925,925,"GasA","TA","N",964,925,1889,0,0,1,1,4,"TA",9,1,"Detchd",1,308,"TA","TA",0,0,264,0
1680,122.5,24,1920,"Inside","2Story",5,5,1971,1971,"TA","TA","CBlock","TA","TA","ALQ",471,294,765,"GasA","Ex","Y",765,600,1365,1,0,1,1,2,"TA",6,0,"Detchd",2,440,"TA","TA",240,36,0,0
243,114,0,11200,"CulDSac","1Story",5,3,1964,1964,"TA","Fa","CBlock","TA","TA","Unf",0,1250,1250,"GasA","Ex","Y",1298,0,1298,0,0,2,0,3,"TA",5,0,"Detchd",2,504,"TA","Fa",0,144,0,0
1281,140,71,7056,"Inside","2Story",6,5,1963,1963,"TA","TA","CBlock","TA","TA","BLQ",400,380,780,"GasA","TA","Y",983,813,1796,1,0,1,1,4,"TA",8,1,"Attchd",2,483,"TA","TA",0,50,0,0
2230,200.624,0,32668,"CulDSac","1Story",6,3,1957,1975,"Gd","TA","PConc","TA","TA","Rec",1219,816,2035,"GasA","TA","Y",2515,0,2515,1,0,3,0,4,"TA",9,2,"Attchd",2,484,"TA","TA",0,0,200,0
2000,152,40,5400,"Corner","1Story",6,7,1926,2004,"TA","Gd","BrkTil","TA","TA","LwQ",370,779,1149,"GasA","Gd","Y",1149,467,1616,0,0,2,0,3,"Gd",5,0,"Detchd",1,216,"TA","TA",0,0,183,0
2234,87,50,5000,"Inside","1.5Unf",5,6,1941,1950,"TA","TA","CBlock","TA","TA","BLQ",116,604,720,"GasA","Po","N",803,0,803,0,0,1,0,2,"TA",5,0,"Detchd",2,360,"TA","TA",0,0,244,0
2796,230,0,8125,"Inside","1Story",7,5,2002,2002,"Gd","TA","PConc","Gd","TA","GLQ",986,668,1654,"GasA","Ex","Y",1654,0,1654,1,0,2,0,3,"Gd",6,0,"Attchd",3,900,"TA","TA",0,136,0,0
834,233.5,0,16698,"CulDSac","2Story",7,5,1992,1993,"Gd","TA","PConc","Gd","TA","GLQ",800,649,1449,"GasA","Gd","Y",944,815,1759,1,0,2,1,3,"Gd",7,1,"Attchd",2,525,"TA","TA",150,193,0,0
2604,105,60,10410,"Corner","1.5Fin",3,4,1915,1950,"TA","TA","PConc","TA","TA","Unf",0,672,672,"GasA","TA","Y",694,520,1214,0,0,1,0,3,"TA",6,0,"Detchd",3,936,"TA","TA",216,0,160,0
1025,175,0,15611,"Corner","1Story",5,6,1977,1977,"TA","TA","PConc","Gd","TA","ALQ",767,266,1126,"GasA","TA","Y",1126,0,1126,0,1,2,0,3,"Ex",6,0,"Attchd",2,540,"TA","TA",180,0,0,0
1797,212.109,81,10411,"Corner","2Story",5,5,2007,2007,"Gd","TA","CBlock","Gd","TA","Unf",0,725,725,"GasA","Ex","Y",725,863,1588,0,0,3,0,3,"Gd",8,0,"Attchd",2,561,"TA","TA",0,0,0,0
2538,124.4,0,9759,"Inside","1Story",5,5,1966,1966,"TA","TA","CBlock","TA","TA","BLQ",799,252,1051,"GasA","TA","Y",1051,0,1051,1,0,1,0,3,"TA",6,0,"Attchd",1,264,"TA","TA",182,88,0,0
1225,119,80,9600,"Inside","1.5Fin",6,5,1950,1950,"TA","TA","CBlock","TA","TA","BLQ",280,752,1032,"GasA","TA","Y",1032,220,1252,0,0,1,0,3,"TA",6,0,"Attchd",1,288,"TA","TA",0,0,96,0
39,395.192,83,10159,"Inside","1Story",9,5,2009,2010,"Ex","TA","PConc","Ex","TA","GLQ",1646,284,1930,"GasA","Ex","Y",1940,0,1940,1,0,2,1,3,"Ex",8,1,"Attchd",3,606,"TA","TA",168,95,0,0
262,128.2,75,10650,"Corner","1Story",5,6,1976,1976,"TA","TA","CBlock","TA","Gd","LwQ",182,0,894,"GasA","TA","Y",894,0,894,1,0,1,0,3,"TA",5,0,"Attchd",1,308,"TA","TA",365,0,0,0
43,259,79,14122,"Inside","1Story",8,5,2005,2006,"Gd","TA","PConc","Ex","TA","GLQ",28,1794,1822,"GasA","Ex","Y",1822,0,1822,0,0,2,0,3,"Ex",8,1,"Attchd",3,678,"TA","TA",0,119,0,0
507,244.6,74,9612,"Inside","1Story",8,5,2008,2009,"Gd","TA","PConc","Gd","TA","Unf",0,1468,1468,"GasA","Ex","Y",1468,0,1468,0,0,2,0,3,"Gd",6,1,"Attchd",3,898,"TA","TA",210,150,0,0
1335,164.9,50,6000,"Inside","1.5Fin",6,7,1940,1989,"TA","TA","CBlock","TA","TA","ALQ",521,460,981,"GasA","Ex","Y",1014,658,1672,0,0,1,1,3,"Gd",6,1,"Detchd",1,240,"TA","TA",0,11,0,0
1791,307,75,10084,"Inside","1Story",8,5,2004,2005,"Gd","TA","PConc","Ex","TA","GLQ",1369,317,1686,"GasA","Ex","Y",1694,0,1694,1,0,2,0,3,"Gd",7,1,"Attchd",2,636,"TA","TA",255,57,0,0
1847,177,0,2117,"Inside","2Story",6,5,2000,2000,"Gd","TA","PConc","Gd","TA","GLQ",436,320,756,"GasA","Ex","Y",769,756,1525,0,0,2,1,3,"Gd",5,1,"Detchd",2,440,"TA","TA",0,0,0,0
1380,109.9,0,7162,"Inside","1Story",5,7,1966,1966,"TA","TA","PConc","TA","TA","Unf",0,876,876,"GasA","TA","Y",904,0,904,0,0,1,0,3,"TA",6,0,"Attchd",1,408,"TA","TA",0,0,0,0
1882,151.5,0,12772,"CulDSac","1Story",6,8,1960,1998,"TA","Gd","CBlock","TA","TA","BLQ",498,460,958,"GasA","TA","Y",958,0,958,0,0,1,0,2,"TA",5,0,"Attchd",1,301,"TA","TA",0,0,0,0
2697,84.5,60,6780,"Inside","1.5Fin",6,8,1935,1982,"TA","Fa","CBlock","TA","TA","GLQ",490,30,520,"GasA","Gd","N",520,0,754,1,0,1,0,2,"TA",5,0,"None",0,0,"None","None",53,0,0,0
1801,249.7,84,11096,"Inside","1Story",8,5,2006,2006,"Gd","TA","PConc","Gd","TA","GLQ",24,1632,1656,"GasA","Ex","Y",1656,0,1656,0,0,2,0,3,"Gd",7,0,"Attchd",3,826,"TA","TA",0,146,0,0
2795,197,70,8726,"Inside","2Story",7,5,2002,2002,"Gd","TA","PConc","Gd","TA","Unf",0,872,872,"GasA","Ex","Y",872,1037,1909,0,0,2,1,4,"Gd",8,0,"BuiltIn",2,529,"TA","TA",0,108,0,0
2496,124,0,8020,"Inside","1Story",5,6,1964,1964,"TA","TA","CBlock","TA","TA","ALQ",644,268,912,"GasA","TA","N",912,0,912,0,0,1,0,3,"TA",6,0,"None",0,0,"None","None",0,0,0,0
1039,181,34,4060,"Inside","1Story",6,5,1998,1999,"Gd","TA","PConc","Gd","TA","GLQ",266,1139,1405,"GasA","Ex","Y",1337,0,1337,1,0,2,0,2,"Gd",5,0,"Attchd",2,511,"TA","TA",144,68,0,0
472,181,43,3182,"Inside","1Story",7,5,2005,2006,"Gd","TA","PConc","Gd","TA","GLQ",16,1330,1346,"GasA","Ex","Y",1504,0,1504,0,0,2,0,1,"Gd",7,1,"Attchd",2,457,"TA","TA",156,0,0,0
1992,125,60,9600,"Inside","1.5Fin",5,8,1925,1994,"TA","TA","PConc","TA","TA","Unf",0,702,702,"GasA","Gd","Y",842,630,1472,0,0,1,0,3,"Gd",6,0,"Detchd",1,250,"TA","Fa",0,0,84,0
2052,118.5,61,7943,"Inside","1Story",4,5,1961,1961,"TA","Fa","CBlock","TA","TA","Rec",903,126,1029,"GasA","Gd","Y",1029,0,1029,1,0,1,0,3,"TA",5,0,"Attchd",1,261,"TA","TA",64,0,39,0
959,224.5,83,13159,"Corner","2Story",7,5,2009,2009,"TA","TA","PConc","Ex","TA","Unf",0,846,846,"GasA","Gd","Y",846,846,1692,0,0,2,1,3,"Gd",6,0,"Attchd",2,650,"TA","TA",208,114,0,0
2024,165,60,8850,"Inside","1.5Fin",6,7,1920,1950,"TA","Gd","PConc","TA","TA","Unf",0,768,768,"GasA","Ex","Y",752,624,1376,0,0,1,0,3,"Gd",7,0,"Detchd",2,576,"TA","TA",0,54,144,0
242,308.03,44,17485,"Inside","1Story",7,5,2009,2010,"Gd","TA","PConc","Gd","TA","GLQ",1346,162,1508,"GasA","Ex","Y",1508,0,1508,1,0,1,0,1,"Gd",5,2,"Attchd",2,572,"TA","TA",0,0,0,0
1375,134.432,80,17120,"Inside","1.5Fin",4,4,1959,1959,"TA","TA","CBlock","None","None","None",0,0,0,"GasA","TA","Y",1120,468,1588,0,0,2,0,4,"TA",7,1,"Detchd",2,680,"TA","TA",0,59,0,0
2368,116,21,1890,"Inside","2Story",6,7,1972,1972,"TA","TA","CBlock","TA","TA","ALQ",282,212,494,"GasA","Ex","Y",494,536,1030,0,0,1,1,3,"TA",6,0,"Detchd",1,264,"TA","TA",0,0,0,0
1919,142.1,60,8250,"Corner","1Story",5,7,1963,1963,"TA","TA","CBlock","TA","TA","ALQ",288,765,1053,"GasA","Gd","Y",1053,0,1053,1,0,1,0,3,"Gd",6,0,"2Types",2,692,"TA","TA",240,0,0,109
543,224.243,61,7328,"Inside","1Story",7,5,2008,2009,"Gd","TA","PConc","Gd","TA","Unf",0,1450,1450,"GasA","Ex","Y",1450,0,1450,0,0,2,0,2,"Gd",6,0,"Attchd",3,788,"TA","TA",0,93,0,0
2437,172.4,0,8121,"Inside","2Story",6,5,2000,2000,"TA","TA","PConc","Gd","TA","Unf",0,953,953,"GasA","Ex","Y",953,711,1664,0,0,2,1,3,"TA",7,1,"Attchd",2,460,"TA","TA",100,40,0,0
2176,148,0,7917,"Corner","1Story",6,7,1976,1976,"TA","Gd","CBlock","TA","Gd","BLQ",751,392,1143,"GasA","TA","Y",1113,0,1113,1,0,1,1,3,"TA",6,1,"Attchd",1,504,"TA","Gd",370,30,0,0
463,173,48,3480,"Inside","1Story",7,5,2003,2003,"Gd","TA","PConc","Gd","TA","Unf",0,1405,1405,"GasA","Ex","Y",1405,0,1405,0,0,2,0,2,"Gd",6,1,"Attchd",2,478,"TA","TA",148,36,0,0
1167,172.9,24,2280,"Inside","2Story",6,5,1999,1999,"TA","TA","PConc","Gd","TA","GLQ",550,194,744,"GasA","Gd","Y",757,792,1549,1,0,2,1,3,"TA",6,0,"Detchd",2,440,"TA","TA",0,32,0,0
813,142.953,64,7018,"Inside","2Story",5,5,1979,1979,"TA","TA","Slab","None","None","None",0,0,0,"GasA","TA","Y",1120,1120,2240,0,0,2,0,6,"TA",12,0,"Detchd",2,528,"TA","TA",154,0,0,0
2641,178,60,9600,"Inside","2Story",7,7,1925,1990,"TA","TA","BrkTil","TA","Gd","LwQ",16,712,728,"GasA","Ex","Y",832,809,1641,0,1,1,1,3,"Ex",6,1,"Detchd",2,546,"Fa","TA",0,0,234,0
2280,140,62,6710,"FR3","SFoyer",6,5,1996,1997,"TA","TA","PConc","Ex","TA","Rec",16,0,920,"GasA","Ex","Y",936,0,936,2,0,0,1,0,"TA",3,0,"Attchd",2,460,"TA","TA",0,40,0,0
1192,240,90,10800,"Inside","2Story",6,7,1974,1997,"TA","TA","CBlock","TA","TA","ALQ",956,384,1522,"GasA","TA","Y",1548,1066,2614,0,0,2,1,4,"TA",9,1,"Attchd",2,624,"TA","TA",38,243,0,0
1671,128,0,17199,"FR2","1Story",4,7,1961,1961,"TA","Gd","BrkTil","TA","TA","ALQ",314,600,914,"GasA","Ex","Y",914,0,914,0,0,1,0,2,"TA",4,0,"Basment",1,270,"Fa","TA",140,0,0,0
857,136.5,0,7000,"CulDSac","1Story",5,8,1978,2005,"Gd","Gd","CBlock","TA","TA","ALQ",646,218,864,"GasA","Ex","Y",864,0,864,1,0,1,0,3,"TA",6,0,"Attchd",1,336,"TA","TA",0,0,0,0
1997,124.5,60,3600,"Inside","2Story",5,7,1930,2005,"TA","Gd","BrkTil","TA","Fa","Rec",316,371,687,"GasA","Gd","Y",687,671,1358,0,0,1,1,3,"Gd",6,1,"Detchd",1,336,"TA","TA",0,32,0,0
2678,75,51,6120,"Inside","1.5Fin",3,5,1930,1950,"Gd","TA","CBlock","TA","TA","Rec",347,381,728,"GasA","Ex","Y",728,434,1162,1,0,1,0,3,"TA",6,0,"Detchd",1,258,"Fa","Po",0,24,0,0
2610,159,77,9786,"Inside","1.5Fin",6,7,1962,1981,"TA","TA","CBlock","TA","TA","Rec",600,312,912,"GasA","TA","Y",1085,649,1734,0,0,1,1,3,"Gd",7,1,"Attchd",2,440,"TA","TA",0,0,0,128
199,123.9,52,6240,"Inside","1.5Fin",5,7,1936,1980,"TA","TA","CBlock","TA","Fa","Rec",276,252,528,"GasA","Gd","Y",548,492,1040,0,0,1,0,2,"TA",5,0,"Detchd",2,624,"TA","TA",306,0,32,0
373,82.5,85,11900,"Inside","1Story",7,5,1977,1977,"TA","Gd","CBlock","TA","TA","ALQ",822,564,1386,"GasA","TA","Y",1411,0,1411,0,0,2,0,3,"TA",6,1,"Attchd",2,544,"TA","TA",192,0,0,0
762,88.75,50,4280,"Inside","1Story",4,9,1946,2001,"TA","Gd","CBlock","Fa","TA","Unf",0,560,560,"GasA","Ex","Y",704,0,704,0,1,1,0,2,"Fa",4,0,"CarPort",1,220,"TA","TA",0,0,24,0
2868,230,90,14115,"Inside","1Story",6,7,1956,2004,"TA","TA","PConc","TA","TA","ALQ",296,230,1073,"GasA","Ex","Y",1811,0,1811,0,0,1,0,2,"Ex",6,1,"Attchd",2,470,"TA","TA",0,0,280,0
1971,169.5,69,7590,"Inside","2Story",5,5,1962,1962,"TA","TA","CBlock","TA","TA","ALQ",540,324,864,"GasA","TA","Y",876,936,1812,0,0,2,0,4,"TA",8,1,"Attchd",1,264,"TA","TA",0,168,0,0
141,136,0,8050,"Inside","1Story",5,5,1959,1959,"TA","TA","CBlock","TA","TA","BLQ",856,125,1143,"GasA","TA","Y",1143,0,1143,1,0,1,0,3,"TA",6,0,"Attchd",1,308,"TA","TA",0,0,0,0
1740,177.594,64,7713,"Inside","2Story",7,5,2007,2007,"Gd","TA","PConc","Gd","TA","Unf",0,728,728,"GasA","Ex","Y",728,728,1456,0,0,2,1,3,"Gd",7,0,"Attchd",2,400,"TA","TA",100,24,0,0
1765,410,89,10557,"Inside","2Story",9,5,1998,1998,"Gd","TA","PConc","Ex","TA","GLQ",672,736,1408,"GasA","Ex","Y",1671,1407,3078,1,0,2,1,4,"Gd",9,1,"Attchd",3,806,"TA","TA",108,87,0,0
277,144,60,10044,"CulDSac","1Story",5,6,1968,1968,"TA","TA","CBlock","Gd","TA","ALQ",1070,126,1196,"GasA","TA","Y",1196,0,1196,1,0,1,0,3,"TA",6,0,"Attchd",1,336,"TA","TA",257,0,168,0
2435,230.5,106,11194,"Corner","2Story",8,5,2000,2000,"Gd","TA","PConc","Gd","TA","Unf",0,1406,1406,"GasA","Ex","Y",1454,482,1936,0,0,2,1,3,"Gd",7,1,"Attchd",2,504,"TA","TA",188,124,0,0
85,148,88,11782,"Inside","SFoyer",5,7,1961,1995,"TA","TA","CBlock","TA","TA","ALQ",899,210,1109,"GasA","TA","Y",1155,0,1155,1,0,1,0,3,"Gd",6,0,"Detchd",2,576,"TA","TA",192,0,0,0
825,272.5,77,11422,"Inside","1Story",8,5,2007,2008,"Gd","TA","PConc","Ex","TA","GLQ",1359,479,1838,"GasA","Ex","Y",1838,0,1838,1,0,2,0,3,"Gd",7,2,"Attchd",2,524,"TA","TA",154,222,0,0
1366,89.5,0,7920,"Inside","1.5Fin",6,7,1920,1950,"TA","Fa","CBlock","TA","TA","Unf",0,319,319,"GasA","TA","Y",1035,371,1406,0,0,1,0,3,"Fa",6,0,"None",0,0,"None","None",0,144,0,0
408,119.5,21,1680,"Inside","2Story",5,7,1972,1972,"TA","TA","CBlock","TA","TA","ALQ",231,399,630,"GasA","TA","Y",630,672,1302,0,0,2,1,3,"TA",6,0,"Detchd",1,264,"TA","TA",185,0,0,0
853,124,60,8430,"Inside","1Story",5,5,1978,1978,"TA","TA","CBlock","Gd","TA","Rec",616,424,1040,"GasA","TA","Y",1040,0,1040,0,0,2,0,3,"TA",5,0,"None",0,0,"None","None",0,0,0,0
957,375,150,215245,"Inside","1Story",7,5,1965,1965,"TA","TA","CBlock","Gd","TA","ALQ",1236,80,2136,"GasW","TA","Y",2036,0,2036,2,0,2,0,3,"TA",8,2,"Attchd",2,513,"TA","TA",0,0,0,0
1808,147,63,7500,"Inside","1Story",7,5,2006,2006,"Gd","TA","PConc","Gd","Gd","Unf",0,1143,1143,"GasA","Ex","Y",1143,0,1143,0,0,1,1,3,"Gd",5,0,"None",0,0,"None","None",0,55,0,0
2723,105,0,17529,"Inside","1Story",5,5,1924,1950,"TA","TA","BrkTil","TA","TA","Unf",0,872,872,"GasA","Fa","N",872,0,872,0,0,1,0,2,"Fa",5,1,"Detchd",1,322,"Fa","Fa",0,0,116,0
1183,150,0,24572,"CulDSac","2Story",9,3,1977,1977,"Gd","Gd","CBlock","Gd","TA","GLQ",410,584,994,"GasA","TA","Y",1599,1345,2944,0,0,2,2,3,"Gd",9,1,"Attchd",3,864,"TA","TA",140,70,16,0
2468,185,60,7200,"Inside","1Story",6,5,2006,2006,"Gd","TA","PConc","Gd","TA","GLQ",905,357,1262,"GasA","Gd","Y",1262,0,1262,0,0,2,0,2,"Gd",5,0,"Attchd",2,572,"TA","TA",0,120,0,0
2098,424.87,77,9965,"Inside","2Story",8,5,2006,2007,"Gd","TA","PConc","Ex","TA","GLQ",1150,316,1466,"GasA","Ex","Y",1466,1362,2828,1,0,3,0,4,"Gd",11,1,"BuiltIn",3,1052,"TA","TA",125,144,0,0
699,150,57,6406,"Inside","2Story",5,6,1939,1950,"TA","TA","BrkTil","TA","TA","ALQ",421,269,690,"GasA","TA","Y",868,690,1558,0,0,1,1,3,"TA",7,1,"Detchd",2,400,"TA","TA",0,36,0,182
1749,215,59,11796,"Inside","2Story",7,5,2004,2005,"Gd","TA","PConc","Gd","TA","Unf",0,847,847,"GasA","Ex","Y",847,1112,1959,0,0,2,1,4,"Gd",8,1,"BuiltIn",2,434,"TA","TA",100,48,0,0
1334,106.9,59,5870,"Corner","2Story",6,9,1900,2000,"TA","Gd","BrkTil","TA","TA","Unf",0,554,554,"GasA","Ex","Y",736,554,1290,0,0,1,1,3,"TA",6,0,"Detchd",1,200,"Fa","TA",38,112,0,0
869,211,0,11250,"Corner","2Story",7,5,2001,2001,"Gd","TA","PConc","Gd","TA","Unf",0,944,944,"GasA","Ex","Y",944,926,1870,0,0,2,1,3,"Gd",6,0,"Attchd",2,608,"TA","TA",256,43,0,0
671,143.5,62,8010,"Inside","1Story",6,9,1958,2007,"Gd","Gd","CBlock","TA","TA","GLQ",745,206,951,"GasA","Gd","Y",951,0,951,1,0,1,0,2,"Gd",6,0,"Detchd",2,480,"TA","TA",0,0,42,0
2825,229,90,11060,"Corner","2Story",7,5,2003,2005,"Gd","TA","PConc","Ex","TA","Unf",0,1150,1150,"GasA","Ex","Y",1164,1150,2314,0,0,2,1,3,"Gd",9,1,"BuiltIn",2,502,"TA","TA",0,274,0,0
2713,158,0,11553,"Inside","1Story",5,5,1968,1968,"TA","TA","CBlock","TA","TA","BLQ",673,378,1051,"GasA","TA","Y",1159,0,1159,0,0,1,1,3,"TA",7,1,"Attchd",1,336,"TA","TA",466,0,0,0
2816,164.99,65,8767,"Inside","1Story",7,5,2005,2005,"Gd","TA","PConc","Gd","TA","GLQ",24,1286,1310,"GasA","Ex","Y",1310,0,1310,0,0,2,0,3,"Gd",6,1,"Attchd",2,400,"TA","TA",0,0,0,0
2077,109.9,84,17808,"Inside","1Story",4,5,1946,1950,"TA","TA","CBlock","TA","TA","Unf",0,484,484,"GasA","TA","N",1242,0,1242,0,0,1,0,2,"TA",4,0,"Attchd",1,336,"TA","TA",0,0,0,0
